timestamp,source,class,confidence,frame_path
2025-07-30T10:57:56.011881,video_upload,weapon dataset - v4 2024-10-02 7-18am,0.7568812370300293,
2025-07-30T10:58:02.155163,video_upload,weapon dataset - v4 2024-10-02 7-18am,0.7477399110794067,
2025-07-30T10:58:02.987336,video_upload,weapon dataset - v4 2024-10-02 7-18am,0.6642017960548401,
2025-07-30T10:58:03.500383,video_upload,weapon dataset - v4 2024-10-02 7-18am,0.8032874464988708,
2025-07-30T10:58:04.107102,video_upload,weapon dataset - v4 2024-10-02 7-18am,0.725040078163147,
2025-07-30T10:58:05.782782,video_upload,weapon dataset - v4 2024-10-02 7-18am,0.5568618178367615,
2025-07-30T10:58:06.897514,video_upload,weapon dataset - v4 2024-10-02 7-18am,0.7667893767356873,
2025-07-30T10:58:07.317986,video_upload,weapon dataset - v4 2024-10-02 7-18am,0.6391357779502869,
2025-07-30T10:58:07.831178,video_upload,weapon dataset - v4 2024-10-02 7-18am,0.7421777248382568,
2025-07-30T10:58:08.352356,video_upload,weapon dataset - v4 2024-10-02 7-18am,0.7271047830581665,
2025-07-30T10:58:08.773061,video_upload,weapon dataset - v4 2024-10-02 7-18am,0.5547976493835449,
2025-07-30T10:58:10.084577,video_upload,weapon dataset - v4 2024-10-02 7-18am,0.708219051361084,
2025-07-30T10:58:10.784896,video_upload,weapon dataset - v4 2024-10-02 7-18am,0.8065287470817566,
2025-07-30T10:58:11.131844,video_upload,weapon dataset - v4 2024-10-02 7-18am,0.8062840104103088,
2025-07-30T10:58:11.598469,video_upload,weapon dataset - v4 2024-10-02 7-18am,0.7638348340988159,
2025-07-30T10:58:11.960510,video_upload,weapon dataset - v4 2024-10-02 7-18am,0.8143582940101624,
2025-07-30T10:58:12.338426,video_upload,weapon dataset - v4 2024-10-02 7-18am,0.8172800540924072,
2025-07-30T10:58:12.924553,video_upload,weapon dataset - v4 2024-10-02 7-18am,0.8269432187080383,
2025-07-30T10:58:13.237371,video_upload,weapon dataset - v4 2024-10-02 7-18am,0.6906030774116516,
2025-07-30T10:58:14.153174,video_upload,weapon dataset - v4 2024-10-02 7-18am,0.5691062808036804,
2025-07-30T10:58:14.539816,video_upload,weapon dataset - v4 2024-10-02 7-18am,0.6475010514259338,
2025-07-30T10:58:15.860647,video_upload,weapon dataset - v4 2024-10-02 7-18am,0.8076872825622559,
2025-07-30T10:58:17.471961,video_upload,weapon dataset - v4 2024-10-02 7-18am,0.5553169846534729,
2025-07-30T10:58:17.765358,video_upload,weapon dataset - v4 2024-10-02 7-18am,0.6395467519760132,
2025-07-30T10:58:21.030498,video_upload,weapon dataset - v4 2024-10-02 7-18am,0.5664107799530029,
2025-07-30T10:58:21.326179,video_upload,weapon dataset - v4 2024-10-02 7-18am,0.6770114898681641,
2025-07-30T10:58:22.620706,video_upload,weapon dataset - v4 2024-10-02 7-18am,0.5195275545120239,
2025-07-30T10:58:24.813632,video_upload,weapon dataset - v4 2024-10-02 7-18am,0.547463595867157,
2025-07-30T10:58:26.074936,video_upload,weapon dataset - v4 2024-10-02 7-18am,0.8136265277862549,
2025-07-30T10:58:26.409691,video_upload,weapon dataset - v4 2024-10-02 7-18am,0.8259499669075012,
2025-07-30T10:58:26.784571,video_upload,weapon dataset - v4 2024-10-02 7-18am,0.7775207161903381,
2025-07-30T10:58:27.202729,video_upload,weapon dataset - v4 2024-10-02 7-18am,0.8347751498222351,
2025-07-30T10:58:27.647610,video_upload,weapon dataset - v4 2024-10-02 7-18am,0.8518955111503601,
2025-07-30T10:58:28.773529,video_upload,weapon dataset - v4 2024-10-02 7-18am,0.7202083468437195,
2025-07-30T10:58:29.112808,video_upload,weapon dataset - v4 2024-10-02 7-18am,0.7775821089744568,
2025-07-30T10:58:29.472246,video_upload,weapon dataset - v4 2024-10-02 7-18am,0.7541704177856445,
2025-07-30T10:58:29.884957,video_upload,weapon dataset - v4 2024-10-02 7-18am,0.82656329870224,
2025-07-30T10:58:30.311595,video_upload,weapon dataset - v4 2024-10-02 7-18am,0.8438929319381714,
2025-07-30T10:58:30.708033,video_upload,weapon dataset - v4 2024-10-02 7-18am,0.830941915512085,
2025-07-30T10:58:31.160697,video_upload,weapon dataset - v4 2024-10-02 7-18am,0.857699990272522,
2025-07-30T10:58:31.559645,video_upload,weapon dataset - v4 2024-10-02 7-18am,0.8356394171714783,
2025-07-30T10:58:32.202637,video_upload,weapon dataset - v4 2024-10-02 7-18am,0.8534117937088013,
2025-07-30T10:58:32.606750,video_upload,weapon dataset - v4 2024-10-02 7-18am,0.8370348811149597,
2025-07-30T10:58:32.995812,video_upload,weapon dataset - v4 2024-10-02 7-18am,0.7772846221923828,
2025-07-30T10:58:33.558958,video_upload,weapon dataset - v4 2024-10-02 7-18am,0.8466750979423523,
2025-07-30T10:58:33.929543,video_upload,weapon dataset - v4 2024-10-02 7-18am,0.8749144673347473,
2025-07-30T10:58:34.354215,video_upload,weapon dataset - v4 2024-10-02 7-18am,0.8360773324966431,
2025-07-30T10:58:34.764843,video_upload,weapon dataset - v4 2024-10-02 7-18am,0.752202570438385,
2025-07-30T10:58:35.208078,video_upload,weapon dataset - v4 2024-10-02 7-18am,0.7738381028175354,
2025-07-30T10:58:35.664176,video_upload,weapon dataset - v4 2024-10-02 7-18am,0.7739232778549194,
2025-07-30T10:58:36.042138,video_upload,weapon dataset - v4 2024-10-02 7-18am,0.7662582397460938,
2025-07-30T10:58:36.399194,video_upload,weapon dataset - v4 2024-10-02 7-18am,0.7905440330505371,
2025-07-30T10:58:43.255539,video_upload,weapon dataset - v4 2024-10-02 7-18am,0.5628337264060974,
2025-07-30T10:58:45.292056,video_upload,weapon dataset - v4 2024-10-02 7-18am,0.5732794404029846,
2025-07-30T10:58:53.063741,video_upload,weapon dataset - v4 2024-10-02 7-18am,0.7371140718460083,
2025-07-30T10:58:53.393193,video_upload,weapon dataset - v4 2024-10-02 7-18am,0.739814817905426,
2025-07-30T10:58:53.732754,video_upload,weapon dataset - v4 2024-10-02 7-18am,0.7456049919128418,
2025-07-30T10:58:54.039614,video_upload,weapon dataset - v4 2024-10-02 7-18am,0.7747888565063477,
2025-07-30T10:58:54.423762,video_upload,weapon dataset - v4 2024-10-02 7-18am,0.7178466320037842,
2025-07-30T10:58:55.346985,video_upload,weapon dataset - v4 2024-10-02 7-18am,0.7019808292388916,
2025-07-30T10:58:55.744480,video_upload,weapon dataset - v4 2024-10-02 7-18am,0.6863352656364441,
2025-07-30T10:58:56.235474,video_upload,weapon dataset - v4 2024-10-02 7-18am,0.7045398354530334,
2025-07-30T10:58:56.661014,video_upload,weapon dataset - v4 2024-10-02 7-18am,0.5888156294822693,
2025-07-30T10:58:56.670809,video_upload,weapon dataset - v4 2024-10-02 7-18am,0.5602863430976868,
2025-07-30T10:58:57.125210,video_upload,weapon dataset - v4 2024-10-02 7-18am,0.6672561764717102,
2025-07-30T10:58:57.529413,video_upload,weapon dataset - v4 2024-10-02 7-18am,0.6496303677558899,
2025-07-30T10:58:58.025622,video_upload,weapon dataset - v4 2024-10-02 7-18am,0.6434376239776611,
2025-07-30T10:58:58.032858,video_upload,weapon dataset - v4 2024-10-02 7-18am,0.5655796527862549,
2025-07-30T10:58:58.537729,video_upload,weapon dataset - v4 2024-10-02 7-18am,0.6529532074928284,
2025-07-30T10:58:58.953822,video_upload,weapon dataset - v4 2024-10-02 7-18am,0.7813440561294556,
2025-07-30T10:58:59.374187,video_upload,weapon dataset - v4 2024-10-02 7-18am,0.5807662606239319,
2025-07-30T10:58:59.725928,video_upload,weapon dataset - v4 2024-10-02 7-18am,0.735858678817749,
2025-07-30T10:59:00.008586,video_upload,weapon dataset - v4 2024-10-02 7-18am,0.7613653540611267,
2025-07-30T10:59:00.444064,video_upload,weapon dataset - v4 2024-10-02 7-18am,0.7702736258506775,
2025-07-30T10:59:00.785489,video_upload,weapon dataset - v4 2024-10-02 7-18am,0.6676344275474548,
2025-07-30T10:59:01.107804,video_upload,weapon dataset - v4 2024-10-02 7-18am,0.764083206653595,
2025-07-30T10:59:01.483148,video_upload,weapon dataset - v4 2024-10-02 7-18am,0.7042641043663025,
2025-07-30T10:59:01.851172,video_upload,weapon dataset - v4 2024-10-02 7-18am,0.5944293141365051,
2025-07-30T10:59:02.363337,video_upload,weapon dataset - v4 2024-10-02 7-18am,0.7196852564811707,
2025-07-30T10:59:02.771951,video_upload,weapon dataset - v4 2024-10-02 7-18am,0.7780795097351074,
2025-07-30T10:59:03.084905,video_upload,weapon dataset - v4 2024-10-02 7-18am,0.7569079399108887,
2025-07-30T10:59:03.522115,video_upload,weapon dataset - v4 2024-10-02 7-18am,0.7206646203994751,
2025-07-30T10:59:03.922159,video_upload,weapon dataset - v4 2024-10-02 7-18am,0.7512339949607849,
2025-07-30T10:59:04.298520,video_upload,weapon dataset - v4 2024-10-02 7-18am,0.7608022093772888,
2025-07-30T10:59:04.666706,video_upload,weapon dataset - v4 2024-10-02 7-18am,0.7172275185585022,
2025-07-30T10:59:04.975599,video_upload,weapon dataset - v4 2024-10-02 7-18am,0.7147486805915833,
2025-07-30T10:59:05.388624,video_upload,weapon dataset - v4 2024-10-02 7-18am,0.7858763933181763,
2025-07-30T10:59:05.738147,video_upload,weapon dataset - v4 2024-10-02 7-18am,0.5599532723426819,
2025-07-30T10:59:06.073630,video_upload,weapon dataset - v4 2024-10-02 7-18am,0.5350629687309265,
2025-07-30T10:59:06.080976,video_upload,weapon dataset - v4 2024-10-02 7-18am,0.5072705745697021,
2025-07-30T10:59:06.433225,video_upload,weapon dataset - v4 2024-10-02 7-18am,0.6328734755516052,
2025-07-30T10:59:06.441189,video_upload,weapon dataset - v4 2024-10-02 7-18am,0.6175617575645447,
2025-07-30T10:59:06.835363,video_upload,weapon dataset - v4 2024-10-02 7-18am,0.6606495976448059,
2025-07-30T10:59:07.165447,video_upload,weapon dataset - v4 2024-10-02 7-18am,0.650000810623169,
2025-07-30T10:59:07.532586,video_upload,weapon dataset - v4 2024-10-02 7-18am,0.6565592885017395,
2025-07-30T10:59:07.891892,video_upload,weapon dataset - v4 2024-10-02 7-18am,0.5834372639656067,
2025-07-30T10:59:10.465870,video_upload,weapon dataset - v4 2024-10-02 7-18am,0.8195664882659912,
2025-07-30T10:59:10.773447,video_upload,weapon dataset - v4 2024-10-02 7-18am,0.7935643196105957,
2025-07-30T10:59:11.258269,video_upload,weapon dataset - v4 2024-10-02 7-18am,0.7958277463912964,
2025-07-30T10:59:11.601655,video_upload,weapon dataset - v4 2024-10-02 7-18am,0.8304048776626587,
2025-07-30T10:59:11.905620,video_upload,weapon dataset - v4 2024-10-02 7-18am,0.8092809319496155,
2025-07-30T10:59:12.231222,video_upload,weapon dataset - v4 2024-10-02 7-18am,0.7063371539115906,
2025-07-30T10:59:12.527914,video_upload,weapon dataset - v4 2024-10-02 7-18am,0.7676049470901489,
2025-07-30T10:59:12.885047,video_upload,weapon dataset - v4 2024-10-02 7-18am,0.7762589454650879,
2025-07-30T10:59:15.462621,video_upload,weapon dataset - v4 2024-10-02 7-18am,0.7523478269577026,
2025-07-30T10:59:15.814538,video_upload,weapon dataset - v4 2024-10-02 7-18am,0.7800841927528381,
2025-07-30T10:59:16.346689,video_upload,weapon dataset - v4 2024-10-02 7-18am,0.7343658208847046,
2025-07-30T10:59:16.760624,video_upload,weapon dataset - v4 2024-10-02 7-18am,0.7580476999282837,
2025-07-30T10:59:17.154409,video_upload,weapon dataset - v4 2024-10-02 7-18am,0.7966858744621277,
2025-07-30T10:59:17.515766,video_upload,weapon dataset - v4 2024-10-02 7-18am,0.7933523654937744,
2025-07-30T10:59:18.066128,video_upload,weapon dataset - v4 2024-10-02 7-18am,0.7980467677116394,
2025-07-30T10:59:18.393732,video_upload,weapon dataset - v4 2024-10-02 7-18am,0.7658780813217163,
2025-07-30T10:59:18.780327,video_upload,weapon dataset - v4 2024-10-02 7-18am,0.7523625493049622,
2025-07-30T10:59:19.148206,video_upload,weapon dataset - v4 2024-10-02 7-18am,0.7906976938247681,
2025-07-30T10:59:19.560856,video_upload,weapon dataset - v4 2024-10-02 7-18am,0.7730972170829773,
2025-07-30T10:59:19.991451,video_upload,weapon dataset - v4 2024-10-02 7-18am,0.8057042956352234,
2025-07-30T10:59:20.395147,video_upload,weapon dataset - v4 2024-10-02 7-18am,0.8157511353492737,
2025-07-30T10:59:20.762092,video_upload,weapon dataset - v4 2024-10-02 7-18am,0.7361754179000854,
2025-07-30T10:59:21.163411,video_upload,weapon dataset - v4 2024-10-02 7-18am,0.7934405207633972,
2025-07-30T10:59:21.615791,video_upload,weapon dataset - v4 2024-10-02 7-18am,0.7968123555183411,
2025-07-30T10:59:22.113596,video_upload,weapon dataset - v4 2024-10-02 7-18am,0.7914846539497375,
2025-07-30T10:59:22.532475,video_upload,weapon dataset - v4 2024-10-02 7-18am,0.7553947567939758,
2025-07-30T10:59:22.891654,video_upload,weapon dataset - v4 2024-10-02 7-18am,0.7512867450714111,
2025-07-30T10:59:23.225550,video_upload,weapon dataset - v4 2024-10-02 7-18am,0.778448760509491,
2025-07-30T10:59:23.609553,video_upload,weapon dataset - v4 2024-10-02 7-18am,0.7852075695991516,
2025-07-30T10:59:23.950809,video_upload,weapon dataset - v4 2024-10-02 7-18am,0.7902181148529053,
2025-07-30T10:59:23.958755,video_upload,weapon dataset - v4 2024-10-02 7-18am,0.618196964263916,
2025-07-30T10:59:24.305704,video_upload,weapon dataset - v4 2024-10-02 7-18am,0.7815235257148743,
2025-07-30T10:59:24.313737,video_upload,weapon dataset - v4 2024-10-02 7-18am,0.6265371441841125,
2025-07-30T10:59:24.681054,video_upload,weapon dataset - v4 2024-10-02 7-18am,0.7880380153656006,
2025-07-30T10:59:24.687600,video_upload,weapon dataset - v4 2024-10-02 7-18am,0.594715416431427,
2025-07-30T10:59:25.134355,video_upload,weapon dataset - v4 2024-10-02 7-18am,0.7691530585289001,
2025-07-30T10:59:25.567877,video_upload,weapon dataset - v4 2024-10-02 7-18am,0.772371232509613,
2025-07-30T10:59:25.960086,video_upload,weapon dataset - v4 2024-10-02 7-18am,0.7317314743995667,
2025-07-30T10:59:26.314158,video_upload,weapon dataset - v4 2024-10-02 7-18am,0.7670806050300598,
2025-07-30T10:59:26.690849,video_upload,weapon dataset - v4 2024-10-02 7-18am,0.7691652774810791,
2025-07-30T10:59:27.081837,video_upload,weapon dataset - v4 2024-10-02 7-18am,0.7501026391983032,
2025-07-30T10:59:27.484551,video_upload,weapon dataset - v4 2024-10-02 7-18am,0.7695299386978149,
2025-07-30T10:59:27.773413,video_upload,weapon dataset - v4 2024-10-02 7-18am,0.7509167194366455,
2025-07-30T10:59:28.164996,video_upload,weapon dataset - v4 2024-10-02 7-18am,0.7576661109924316,
2025-07-30T10:59:28.557501,video_upload,weapon dataset - v4 2024-10-02 7-18am,0.7373201847076416,
2025-07-30T10:59:28.933537,video_upload,weapon dataset - v4 2024-10-02 7-18am,0.7002974152565002,
2025-07-30T10:59:29.313497,video_upload,weapon dataset - v4 2024-10-02 7-18am,0.6596485376358032,
2025-07-30T10:59:29.709319,video_upload,weapon dataset - v4 2024-10-02 7-18am,0.6684722304344177,
2025-07-30T10:59:30.088402,video_upload,weapon dataset - v4 2024-10-02 7-18am,0.6415531635284424,
2025-07-30T10:59:30.597769,video_upload,weapon dataset - v4 2024-10-02 7-18am,0.5309588313102722,
2025-07-30T10:59:31.137093,video_upload,weapon dataset - v4 2024-10-02 7-18am,0.5599616169929504,
2025-07-30T10:59:31.497302,video_upload,weapon dataset - v4 2024-10-02 7-18am,0.6743478178977966,
2025-07-30T10:59:31.505388,video_upload,weapon dataset - v4 2024-10-02 7-18am,0.6490174531936646,
2025-07-30T10:59:31.836654,video_upload,weapon dataset - v4 2024-10-02 7-18am,0.7292941808700562,
2025-07-30T10:59:32.196227,video_upload,weapon dataset - v4 2024-10-02 7-18am,0.7251164317131042,
2025-07-30T10:59:32.584926,video_upload,weapon dataset - v4 2024-10-02 7-18am,0.7468070983886719,
2025-07-30T10:59:32.947590,video_upload,weapon dataset - v4 2024-10-02 7-18am,0.7687699794769287,
2025-07-30T10:59:33.369782,video_upload,weapon dataset - v4 2024-10-02 7-18am,0.7330938577651978,
2025-07-30T10:59:33.769007,video_upload,weapon dataset - v4 2024-10-02 7-18am,0.7756453156471252,
2025-07-30T10:59:34.168683,video_upload,weapon dataset - v4 2024-10-02 7-18am,0.7682091593742371,
2025-07-30T10:59:34.629227,video_upload,weapon dataset - v4 2024-10-02 7-18am,0.7743922472000122,
2025-07-30T10:59:34.930043,video_upload,weapon dataset - v4 2024-10-02 7-18am,0.7751951813697815,
2025-07-30T10:59:35.299850,video_upload,weapon dataset - v4 2024-10-02 7-18am,0.7952602505683899,
2025-07-30T10:59:35.666552,video_upload,weapon dataset - v4 2024-10-02 7-18am,0.7957398891448975,
2025-07-30T10:59:39.484328,video_upload,weapon dataset - v4 2024-10-02 7-18am,0.7968989014625549,
2025-07-30T10:59:40.050381,video_upload,weapon dataset - v4 2024-10-02 7-18am,0.7850639224052429,
2025-07-30T10:59:40.499685,video_upload,weapon dataset - v4 2024-10-02 7-18am,0.6795626282691956,
2025-07-30T10:59:40.881752,video_upload,weapon dataset - v4 2024-10-02 7-18am,0.745622456073761,
2025-07-30T10:59:41.295096,video_upload,weapon dataset - v4 2024-10-02 7-18am,0.7816729545593262,
2025-07-30T10:59:42.034171,video_upload,weapon dataset - v4 2024-10-02 7-18am,0.7824398279190063,
2025-07-30T10:59:42.584009,video_upload,weapon dataset - v4 2024-10-02 7-18am,0.8042294979095459,
2025-07-30T10:59:42.969636,video_upload,weapon dataset - v4 2024-10-02 7-18am,0.8058955669403076,
2025-07-30T10:59:43.372560,video_upload,weapon dataset - v4 2024-10-02 7-18am,0.8033686280250549,
2025-07-30T10:59:43.776040,video_upload,weapon dataset - v4 2024-10-02 7-18am,0.8032863140106201,
2025-07-30T10:59:44.276831,video_upload,weapon dataset - v4 2024-10-02 7-18am,0.7807817459106445,
2025-07-30T11:03:27.279677,video_upload,weapon dataset - v4 2024-10-02 7-18am,0.7568812370300293,
2025-07-30T11:03:27.701689,video_upload,weapon dataset - v4 2024-10-02 7-18am,0.7477399110794067,
2025-07-30T11:03:28.546276,video_upload,weapon dataset - v4 2024-10-02 7-18am,0.6642017960548401,
2025-07-30T11:03:29.135575,video_upload,weapon dataset - v4 2024-10-02 7-18am,0.8032874464988708,
2025-07-30T11:03:30.052582,video_upload,weapon dataset - v4 2024-10-02 7-18am,0.725040078163147,
2025-07-30T11:03:32.297929,video_upload,weapon dataset - v4 2024-10-02 7-18am,0.5568618178367615,
2025-07-30T11:03:33.683940,video_upload,weapon dataset - v4 2024-10-02 7-18am,0.7667893767356873,
2025-07-30T11:03:34.424086,video_upload,weapon dataset - v4 2024-10-02 7-18am,0.6391357779502869,
2025-07-30T11:03:34.842184,video_upload,weapon dataset - v4 2024-10-02 7-18am,0.7421777248382568,
2025-07-30T11:03:35.352033,video_upload,weapon dataset - v4 2024-10-02 7-18am,0.7271047830581665,
2025-07-30T11:06:03.888317,video_upload,weapon dataset - v4 2024-10-02 7-18am,0.6003291010856628,
2025-07-30T11:06:08.192752,video_upload,weapon dataset - v4 2024-10-02 7-18am,0.545867383480072,
2025-07-30T11:06:11.008822,video_upload,weapon dataset - v4 2024-10-02 7-18am,0.5999189019203186,
2025-07-30T11:06:12.716463,video_upload,weapon dataset - v4 2024-10-02 7-18am,0.5551269054412842,
2025-07-30T11:06:13.012473,video_upload,weapon dataset - v4 2024-10-02 7-18am,0.5537247657775879,
2025-07-30T11:06:18.996258,video_upload,weapon dataset - v4 2024-10-02 7-18am,0.5848771333694458,
2025-07-30T11:06:19.298754,video_upload,weapon dataset - v4 2024-10-02 7-18am,0.6214669346809387,
2025-07-30T11:06:20.953259,video_upload,weapon dataset - v4 2024-10-02 7-18am,0.6516360640525818,
2025-07-30T11:06:20.960989,video_upload,weapon dataset - v4 2024-10-02 7-18am,0.5706720352172852,
2025-07-30T11:06:21.242329,video_upload,weapon dataset - v4 2024-10-02 7-18am,0.5854749083518982,
2025-07-30T11:06:21.538065,video_upload,weapon dataset - v4 2024-10-02 7-18am,0.5842817425727844,
2025-07-30T11:06:22.831741,video_upload,weapon dataset - v4 2024-10-02 7-18am,0.5152128338813782,
2025-07-30T11:06:24.529475,video_upload,weapon dataset - v4 2024-10-02 7-18am,0.7272859811782837,
2025-07-30T11:06:24.536718,video_upload,weapon dataset - v4 2024-10-02 7-18am,0.6018377542495728,
2025-07-30T11:06:24.807953,video_upload,weapon dataset - v4 2024-10-02 7-18am,0.5539067983627319,
2025-07-30T11:06:24.816960,video_upload,weapon dataset - v4 2024-10-02 7-18am,0.516966700553894,
2025-07-30T11:06:25.312692,video_upload,weapon dataset - v4 2024-10-02 7-18am,0.6270298361778259,
2025-07-30T11:06:25.649866,video_upload,weapon dataset - v4 2024-10-02 7-18am,0.6452710032463074,
2025-07-30T11:06:34.396774,video_upload,weapon dataset - v4 2024-10-02 7-18am,0.6160828471183777,
2025-07-30T11:06:34.672253,video_upload,weapon dataset - v4 2024-10-02 7-18am,0.6330860257148743,
2025-07-30T11:06:39.309650,video_upload,weapon dataset - v4 2024-10-02 7-18am,0.5542916655540466,
2025-07-30T11:06:41.559899,video_upload,weapon dataset - v4 2024-10-02 7-18am,0.5152187347412109,
2025-07-30T11:06:41.855477,video_upload,weapon dataset - v4 2024-10-02 7-18am,0.540535569190979,
2025-07-30T11:06:42.135309,video_upload,weapon dataset - v4 2024-10-02 7-18am,0.5703460574150085,
2025-07-30T11:06:50.003085,video_upload,weapon dataset - v4 2024-10-02 7-18am,0.5720483660697937,
2025-07-30T11:06:52.928553,video_upload,weapon dataset - v4 2024-10-02 7-18am,0.6549303531646729,
2025-07-30T11:06:53.223298,video_upload,weapon dataset - v4 2024-10-02 7-18am,0.6529685854911804,
2025-07-30T11:06:54.347351,video_upload,weapon dataset - v4 2024-10-02 7-18am,0.5941197872161865,
2025-07-30T11:06:54.683208,video_upload,weapon dataset - v4 2024-10-02 7-18am,0.7662661075592041,
2025-07-30T11:06:54.975805,video_upload,weapon dataset - v4 2024-10-02 7-18am,0.7640155553817749,
2025-07-30T11:06:55.256952,video_upload,weapon dataset - v4 2024-10-02 7-18am,0.7071495056152344,
2025-07-30T11:06:57.162843,video_upload,weapon dataset - v4 2024-10-02 7-18am,0.6132630109786987,
2025-07-30T11:06:58.649398,video_upload,weapon dataset - v4 2024-10-02 7-18am,0.6440181136131287,
2025-07-30T11:07:01.279183,video_upload,weapon dataset - v4 2024-10-02 7-18am,0.521460771560669,
2025-07-30T11:07:01.555245,video_upload,weapon dataset - v4 2024-10-02 7-18am,0.5215075612068176,
2025-07-30T11:07:02.442910,video_upload,weapon dataset - v4 2024-10-02 7-18am,0.597378134727478,
2025-07-30T11:07:02.730288,video_upload,weapon dataset - v4 2024-10-02 7-18am,0.7228307127952576,
2025-07-30T11:07:03.056475,video_upload,weapon dataset - v4 2024-10-02 7-18am,0.7268433570861816,
2025-07-30T11:07:05.264214,video_upload,weapon dataset - v4 2024-10-02 7-18am,0.5443893671035767,
2025-07-30T11:07:05.828562,video_upload,weapon dataset - v4 2024-10-02 7-18am,0.5996957421302795,
2025-07-30T11:07:06.090051,video_upload,weapon dataset - v4 2024-10-02 7-18am,0.5844384431838989,
2025-07-30T11:07:06.399665,video_upload,weapon dataset - v4 2024-10-02 7-18am,0.5210281014442444,
2025-07-30T11:07:07.027759,video_upload,weapon dataset - v4 2024-10-02 7-18am,0.6686235070228577,
2025-07-30T11:07:07.908520,video_upload,weapon dataset - v4 2024-10-02 7-18am,0.6496293544769287,
2025-07-30T11:07:08.172749,video_upload,weapon dataset - v4 2024-10-02 7-18am,0.697121262550354,
2025-07-30T11:07:08.464066,video_upload,weapon dataset - v4 2024-10-02 7-18am,0.729539692401886,
2025-07-30T11:07:08.781165,video_upload,weapon dataset - v4 2024-10-02 7-18am,0.5900484323501587,
2025-07-30T11:07:09.123929,video_upload,weapon dataset - v4 2024-10-02 7-18am,0.6002304553985596,
2025-07-30T11:07:11.040811,video_upload,weapon dataset - v4 2024-10-02 7-18am,0.5152682065963745,
2025-07-30T11:07:11.570862,video_upload,weapon dataset - v4 2024-10-02 7-18am,0.6444016098976135,
2025-07-30T11:07:11.865417,video_upload,weapon dataset - v4 2024-10-02 7-18am,0.7691357135772705,
2025-07-30T11:07:12.162469,video_upload,weapon dataset - v4 2024-10-02 7-18am,0.767121434211731,
2025-07-30T11:07:12.968747,video_upload,weapon dataset - v4 2024-10-02 7-18am,0.568710207939148,
2025-07-30T11:07:14.363556,video_upload,weapon dataset - v4 2024-10-02 7-18am,0.535005509853363,
2025-07-30T11:07:19.960249,video_upload,weapon dataset - v4 2024-10-02 7-18am,0.583570122718811,
2025-07-30T11:07:20.287071,video_upload,weapon dataset - v4 2024-10-02 7-18am,0.6723183393478394,
2025-07-30T11:07:20.672358,video_upload,weapon dataset - v4 2024-10-02 7-18am,0.6797210574150085,
2025-07-30T11:07:24.244020,video_upload,weapon dataset - v4 2024-10-02 7-18am,0.7298619151115417,
2025-07-30T11:07:24.551419,video_upload,weapon dataset - v4 2024-10-02 7-18am,0.723647952079773,
2025-07-30T11:07:24.827683,video_upload,weapon dataset - v4 2024-10-02 7-18am,0.6615575551986694,
2025-07-30T11:07:25.093731,video_upload,weapon dataset - v4 2024-10-02 7-18am,0.6832563281059265,
2025-07-30T11:07:26.935732,video_upload,weapon dataset - v4 2024-10-02 7-18am,0.5082057118415833,
2025-07-30T11:07:27.230331,video_upload,weapon dataset - v4 2024-10-02 7-18am,0.6765847206115723,
2025-07-30T11:07:27.580664,video_upload,weapon dataset - v4 2024-10-02 7-18am,0.6760684251785278,
2025-07-30T11:07:27.923581,video_upload,weapon dataset - v4 2024-10-02 7-18am,0.6144305467605591,
2025-07-30T11:07:30.008625,video_upload,weapon dataset - v4 2024-10-02 7-18am,0.6474130153656006,
2025-07-30T11:07:31.453961,video_upload,weapon dataset - v4 2024-10-02 7-18am,0.6205207705497742,
2025-07-30T11:07:32.154615,video_upload,weapon dataset - v4 2024-10-02 7-18am,0.6455444097518921,
2025-07-30T11:07:32.472587,video_upload,weapon dataset - v4 2024-10-02 7-18am,0.6430414319038391,
2025-07-30T11:07:35.333540,video_upload,weapon dataset - v4 2024-10-02 7-18am,0.5381099581718445,
2025-07-30T11:07:35.341623,video_upload,weapon dataset - v4 2024-10-02 7-18am,0.5210658311843872,
2025-07-30T11:07:35.653743,video_upload,weapon dataset - v4 2024-10-02 7-18am,0.5401501655578613,
2025-07-30T11:07:35.661294,video_upload,weapon dataset - v4 2024-10-02 7-18am,0.5069835782051086,
2025-07-30T11:07:35.963266,video_upload,weapon dataset - v4 2024-10-02 7-18am,0.6485087871551514,
2025-07-30T11:07:36.273953,video_upload,weapon dataset - v4 2024-10-02 7-18am,0.6090719699859619,
2025-07-30T11:07:37.855741,video_upload,weapon dataset - v4 2024-10-02 7-18am,0.7087525725364685,
2025-07-30T11:07:37.887881,video_upload,weapon dataset - v4 2024-10-02 7-18am,0.6929343938827515,
2025-07-30T11:07:38.190838,video_upload,weapon dataset - v4 2024-10-02 7-18am,0.5832490921020508,
2025-07-30T11:07:38.512820,video_upload,weapon dataset - v4 2024-10-02 7-18am,0.5050011873245239,
2025-07-30T11:07:38.832358,video_upload,weapon dataset - v4 2024-10-02 7-18am,0.5081332921981812,
2025-07-30T11:07:39.210023,video_upload,weapon dataset - v4 2024-10-02 7-18am,0.510981559753418,
2025-07-30T11:07:39.531023,video_upload,weapon dataset - v4 2024-10-02 7-18am,0.515346109867096,
2025-07-30T11:07:41.126009,video_upload,weapon dataset - v4 2024-10-02 7-18am,0.5547080636024475,
2025-07-30T11:07:41.474745,video_upload,weapon dataset - v4 2024-10-02 7-18am,0.6583319306373596,
2025-07-30T11:07:43.327121,video_upload,weapon dataset - v4 2024-10-02 7-18am,0.5633536577224731,
2025-07-30T11:07:43.648758,video_upload,weapon dataset - v4 2024-10-02 7-18am,0.5533170104026794,
2025-07-30T11:07:43.657334,video_upload,weapon dataset - v4 2024-10-02 7-18am,0.5099341869354248,
2025-07-30T11:07:44.041672,video_upload,weapon dataset - v4 2024-10-02 7-18am,0.6005775332450867,
2025-07-30T11:07:44.753233,video_upload,weapon dataset - v4 2024-10-02 7-18am,0.6481577754020691,
2025-07-30T11:07:45.101978,video_upload,weapon dataset - v4 2024-10-02 7-18am,0.7097680568695068,
2025-07-30T11:07:45.111981,video_upload,weapon dataset - v4 2024-10-02 7-18am,0.63484126329422,
2025-07-30T11:07:45.587321,video_upload,weapon dataset - v4 2024-10-02 7-18am,0.7098249793052673,
2025-07-30T11:07:45.596890,video_upload,weapon dataset - v4 2024-10-02 7-18am,0.6236081719398499,
2025-07-30T11:07:45.866947,video_upload,weapon dataset - v4 2024-10-02 7-18am,0.714889645576477,
2025-07-30T11:07:45.874859,video_upload,weapon dataset - v4 2024-10-02 7-18am,0.5845794081687927,
2025-07-30T11:07:46.248617,video_upload,weapon dataset - v4 2024-10-02 7-18am,0.6235117316246033,
2025-07-30T11:07:46.256804,video_upload,weapon dataset - v4 2024-10-02 7-18am,0.5783374905586243,
2025-07-30T11:07:46.619381,video_upload,weapon dataset - v4 2024-10-02 7-18am,0.5892152190208435,
2025-07-30T11:07:46.924914,video_upload,weapon dataset - v4 2024-10-02 7-18am,0.5461812019348145,
2025-07-30T11:07:47.324639,video_upload,weapon dataset - v4 2024-10-02 7-18am,0.5569358468055725,
2025-07-30T11:07:48.322524,video_upload,weapon dataset - v4 2024-10-02 7-18am,0.5579555630683899,
2025-07-30T11:07:49.724714,video_upload,weapon dataset - v4 2024-10-02 7-18am,0.6669663786888123,
2025-07-30T11:07:50.092155,video_upload,weapon dataset - v4 2024-10-02 7-18am,0.6993832588195801,
2025-07-30T11:07:50.378875,video_upload,weapon dataset - v4 2024-10-02 7-18am,0.6938785314559937,
2025-07-30T11:07:50.759944,video_upload,weapon dataset - v4 2024-10-02 7-18am,0.6724042892456055,
2025-07-30T11:07:51.079502,video_upload,weapon dataset - v4 2024-10-02 7-18am,0.6368803977966309,
2025-07-30T11:07:51.420583,video_upload,weapon dataset - v4 2024-10-02 7-18am,0.570716917514801,
2025-07-30T11:07:53.105045,video_upload,weapon dataset - v4 2024-10-02 7-18am,0.5774183869361877,
2025-07-30T11:07:53.772831,video_upload,weapon dataset - v4 2024-10-02 7-18am,0.6623289585113525,
2025-07-30T11:07:53.780913,video_upload,weapon dataset - v4 2024-10-02 7-18am,0.5984683632850647,
2025-07-30T11:07:54.122941,video_upload,weapon dataset - v4 2024-10-02 7-18am,0.6625878214836121,
2025-07-30T11:07:54.134097,video_upload,weapon dataset - v4 2024-10-02 7-18am,0.5933109521865845,
2025-07-30T11:07:55.864299,video_upload,weapon dataset - v4 2024-10-02 7-18am,0.5071694850921631,
2025-07-30T11:07:56.536517,video_upload,weapon dataset - v4 2024-10-02 7-18am,0.6854968070983887,
2025-07-30T11:07:58.228354,video_upload,weapon dataset - v4 2024-10-02 7-18am,0.6826228499412537,
2025-07-30T11:07:58.568546,video_upload,weapon dataset - v4 2024-10-02 7-18am,0.5264328718185425,
2025-07-30T11:07:58.935082,video_upload,weapon dataset - v4 2024-10-02 7-18am,0.5338737964630127,
2025-07-30T11:07:59.385726,video_upload,weapon dataset - v4 2024-10-02 7-18am,0.5328851938247681,
2025-07-30T11:08:00.162124,video_upload,weapon dataset - v4 2024-10-02 7-18am,0.5259552001953125,
2025-07-30T11:08:00.820839,video_upload,weapon dataset - v4 2024-10-02 7-18am,0.7677514553070068,
2025-07-30T11:08:01.159773,video_upload,weapon dataset - v4 2024-10-02 7-18am,0.768896758556366,
2025-07-30T11:08:01.846950,video_upload,weapon dataset - v4 2024-10-02 7-18am,0.6122593879699707,
2025-07-30T11:08:02.463002,video_upload,weapon dataset - v4 2024-10-02 7-18am,0.6472482085227966,
2025-07-30T11:08:03.799766,video_upload,weapon dataset - v4 2024-10-02 7-18am,0.5283082127571106,
2025-07-30T11:08:07.588125,video_upload,weapon dataset - v4 2024-10-02 7-18am,0.5256099700927734,
2025-07-30T11:08:08.002435,video_upload,weapon dataset - v4 2024-10-02 7-18am,0.6507253050804138,
2025-07-30T11:08:08.490818,video_upload,weapon dataset - v4 2024-10-02 7-18am,0.6577811241149902,
2025-07-30T11:08:09.414343,video_upload,weapon dataset - v4 2024-10-02 7-18am,0.6654687523841858,
2025-07-30T11:08:10.058091,video_upload,weapon dataset - v4 2024-10-02 7-18am,0.6379386782646179,
2025-07-30T11:08:10.762439,video_upload,weapon dataset - v4 2024-10-02 7-18am,0.6072626113891602,
2025-07-30T11:08:11.431630,video_upload,weapon dataset - v4 2024-10-02 7-18am,0.6810432076454163,
2025-07-30T11:08:11.866639,video_upload,weapon dataset - v4 2024-10-02 7-18am,0.6817131042480469,
2025-07-30T11:08:12.321025,video_upload,weapon dataset - v4 2024-10-02 7-18am,0.6994826197624207,
2025-07-30T11:08:13.117449,video_upload,weapon dataset - v4 2024-10-02 7-18am,0.6816055178642273,
2025-07-30T11:08:13.650612,video_upload,weapon dataset - v4 2024-10-02 7-18am,0.6524118185043335,
2025-07-30T11:08:14.104834,video_upload,weapon dataset - v4 2024-10-02 7-18am,0.572801411151886,
2025-07-30T11:08:15.117988,video_upload,weapon dataset - v4 2024-10-02 7-18am,0.5739095211029053,
2025-07-30T11:08:15.782898,video_upload,weapon dataset - v4 2024-10-02 7-18am,0.6098599433898926,
2025-07-30T11:08:17.008116,video_upload,weapon dataset - v4 2024-10-02 7-18am,0.5416361093521118,
2025-07-30T11:08:17.668766,video_upload,weapon dataset - v4 2024-10-02 7-18am,0.5432201027870178,
2025-07-30T11:08:19.191216,video_upload,weapon dataset - v4 2024-10-02 7-18am,0.6517902612686157,
2025-07-30T11:08:20.183261,video_upload,weapon dataset - v4 2024-10-02 7-18am,0.6551986336708069,
2025-07-30T11:08:20.562944,video_upload,weapon dataset - v4 2024-10-02 7-18am,0.6261467933654785,
2025-07-30T11:08:20.891266,video_upload,weapon dataset - v4 2024-10-02 7-18am,0.6096760630607605,
2025-07-30T11:08:21.290535,video_upload,weapon dataset - v4 2024-10-02 7-18am,0.6036660671234131,
2025-07-30T11:08:24.425160,video_upload,weapon dataset - v4 2024-10-02 7-18am,0.5154614448547363,
2025-07-30T11:08:25.655852,video_upload,weapon dataset - v4 2024-10-02 7-18am,0.6211414933204651,
2025-07-30T11:08:26.014683,video_upload,weapon dataset - v4 2024-10-02 7-18am,0.6389175653457642,
2025-07-30T11:08:26.399279,video_upload,weapon dataset - v4 2024-10-02 7-18am,0.7347999215126038,
2025-07-30T11:08:26.851086,video_upload,weapon dataset - v4 2024-10-02 7-18am,0.5406257510185242,
2025-07-30T11:08:27.209558,video_upload,weapon dataset - v4 2024-10-02 7-18am,0.5403583645820618,
2025-07-30T11:08:27.533392,video_upload,weapon dataset - v4 2024-10-02 7-18am,0.7685250639915466,
2025-07-30T11:08:31.767226,video_upload,weapon dataset - v4 2024-10-02 7-18am,0.6563484072685242,
2025-07-30T11:08:33.475702,video_upload,weapon dataset - v4 2024-10-02 7-18am,0.767970085144043,
2025-07-30T11:08:33.483511,video_upload,weapon dataset - v4 2024-10-02 7-18am,0.5513396859169006,
2025-07-30T11:08:33.979891,video_upload,weapon dataset - v4 2024-10-02 7-18am,0.770171582698822,
2025-07-30T11:08:34.316324,video_upload,weapon dataset - v4 2024-10-02 7-18am,0.7728861570358276,
2025-07-30T11:08:34.659513,video_upload,weapon dataset - v4 2024-10-02 7-18am,0.7596789598464966,
2025-07-30T11:08:34.669659,video_upload,weapon dataset - v4 2024-10-02 7-18am,0.5444381833076477,
2025-07-30T11:08:34.950925,video_upload,weapon dataset - v4 2024-10-02 7-18am,0.7138646245002747,
2025-07-30T11:08:41.289940,video_upload,weapon dataset - v4 2024-10-02 7-18am,0.614874541759491,
2025-07-30T11:08:41.631721,video_upload,weapon dataset - v4 2024-10-02 7-18am,0.6113342642784119,
2025-07-30T11:08:42.012003,video_upload,weapon dataset - v4 2024-10-02 7-18am,0.5834099650382996,
2025-07-30T11:08:42.341470,video_upload,weapon dataset - v4 2024-10-02 7-18am,0.65322345495224,
2025-07-30T11:08:49.475828,video_upload,weapon dataset - v4 2024-10-02 7-18am,0.5631679892539978,
2025-07-30T11:09:02.699705,video_upload,weapon dataset - v4 2024-10-02 7-18am,0.5127166509628296,
2025-07-30T11:09:03.020894,video_upload,weapon dataset - v4 2024-10-02 7-18am,0.5117682218551636,
2025-07-30T11:09:14.669845,video_upload,weapon dataset - v4 2024-10-02 7-18am,0.5297940373420715,
2025-07-30T11:09:18.659912,video_upload,weapon dataset - v4 2024-10-02 7-18am,0.5201259255409241,
2025-07-30T11:09:21.345587,video_upload,weapon dataset - v4 2024-10-02 7-18am,0.6251540184020996,
2025-07-30T11:09:21.696099,video_upload,weapon dataset - v4 2024-10-02 7-18am,0.6203262805938721,
2025-07-30T11:09:22.023934,video_upload,weapon dataset - v4 2024-10-02 7-18am,0.5543267726898193,
2025-07-30T11:09:32.011573,video_upload,weapon dataset - v4 2024-10-02 7-18am,0.5596533417701721,
2025-07-30T11:09:33.758394,video_upload,weapon dataset - v4 2024-10-02 7-18am,0.6650441884994507,
2025-07-30T11:09:34.048983,video_upload,weapon dataset - v4 2024-10-02 7-18am,0.6616454124450684,
2025-07-30T11:09:34.392965,video_upload,weapon dataset - v4 2024-10-02 7-18am,0.697822630405426,
2025-07-30T11:09:34.693994,video_upload,weapon dataset - v4 2024-10-02 7-18am,0.7747743129730225,
2025-07-30T11:09:36.737351,video_upload,weapon dataset - v4 2024-10-02 7-18am,0.7245388627052307,
2025-07-30T11:09:37.089211,video_upload,weapon dataset - v4 2024-10-02 7-18am,0.7256222367286682,
2025-07-30T11:09:37.398282,video_upload,weapon dataset - v4 2024-10-02 7-18am,0.5319249033927917,
2025-07-30T11:09:39.107629,video_upload,weapon dataset - v4 2024-10-02 7-18am,0.6770200729370117,
2025-07-30T11:09:39.117843,video_upload,weapon dataset - v4 2024-10-02 7-18am,0.6161743998527527,
2025-07-30T11:09:39.410134,video_upload,weapon dataset - v4 2024-10-02 7-18am,0.6790040731430054,
2025-07-30T11:09:39.734289,video_upload,weapon dataset - v4 2024-10-02 7-18am,0.631324052810669,
2025-07-30T11:09:40.051265,video_upload,weapon dataset - v4 2024-10-02 7-18am,0.6258627772331238,
2025-07-30T11:09:40.562766,video_upload,weapon dataset - v4 2024-10-02 7-18am,0.6436173319816589,
2025-07-30T11:09:40.933164,video_upload,weapon dataset - v4 2024-10-02 7-18am,0.5896139740943909,
2025-07-30T11:09:41.290061,video_upload,weapon dataset - v4 2024-10-02 7-18am,0.5066105127334595,
2025-07-30T11:09:43.349567,video_upload,weapon dataset - v4 2024-10-02 7-18am,0.5366040468215942,
2025-07-30T11:09:45.417031,video_upload,weapon dataset - v4 2024-10-02 7-18am,0.5439284443855286,
2025-07-30T11:09:45.742974,video_upload,weapon dataset - v4 2024-10-02 7-18am,0.547328770160675,
2025-07-30T11:09:46.057952,video_upload,weapon dataset - v4 2024-10-02 7-18am,0.5161798596382141,
2025-07-30T11:09:50.924419,video_upload,weapon dataset - v4 2024-10-02 7-18am,0.5528673529624939,
2025-07-30T11:09:51.622112,video_upload,weapon dataset - v4 2024-10-02 7-18am,0.6917933821678162,
2025-07-30T11:09:51.954121,video_upload,weapon dataset - v4 2024-10-02 7-18am,0.6223875880241394,
2025-07-30T11:10:06.003754,video_upload,weapon dataset - v4 2024-10-02 7-18am,0.6245707869529724,
2025-07-30T11:10:06.013425,video_upload,weapon dataset - v4 2024-10-02 7-18am,0.5000364184379578,
2025-07-30T11:10:06.344814,video_upload,weapon dataset - v4 2024-10-02 7-18am,0.5835156440734863,
2025-07-30T11:10:06.354623,video_upload,weapon dataset - v4 2024-10-02 7-18am,0.540861189365387,
2025-07-30T11:10:06.668117,video_upload,weapon dataset - v4 2024-10-02 7-18am,0.6485623121261597,
2025-07-30T11:10:06.963853,video_upload,weapon dataset - v4 2024-10-02 7-18am,0.6507977247238159,
2025-07-30T11:10:07.283839,video_upload,weapon dataset - v4 2024-10-02 7-18am,0.615665078163147,
2025-07-30T11:10:08.789976,video_upload,weapon dataset - v4 2024-10-02 7-18am,0.7397896647453308,
2025-07-30T11:10:09.328839,video_upload,weapon dataset - v4 2024-10-02 7-18am,0.6001158356666565,
2025-07-30T11:10:09.335787,video_upload,weapon dataset - v4 2024-10-02 7-18am,0.5390991568565369,
2025-07-30T11:10:10.509856,video_upload,weapon dataset - v4 2024-10-02 7-18am,0.5375746488571167,
2025-07-30T11:10:12.376801,video_upload,weapon dataset - v4 2024-10-02 7-18am,0.7008185982704163,
2025-07-30T11:10:13.376164,video_upload,weapon dataset - v4 2024-10-02 7-18am,0.5998212099075317,
2025-07-30T11:10:13.551468,video_upload,weapon dataset - v4 2024-10-02 7-18am,0.6562199592590332,
2025-07-30T11:10:13.737466,video_upload,weapon dataset - v4 2024-10-02 7-18am,0.6435880661010742,
2025-07-30T11:10:14.231624,video_upload,weapon dataset - v4 2024-10-02 7-18am,0.5022880434989929,
2025-07-30T11:10:18.288786,video_upload,weapon dataset - v4 2024-10-02 7-18am,0.5382857322692871,
2025-07-30T11:10:20.150204,video_upload,weapon dataset - v4 2024-10-02 7-18am,0.516656219959259,
2025-07-30T11:10:20.465377,video_upload,weapon dataset - v4 2024-10-02 7-18am,0.5182200074195862,
2025-07-30T11:10:20.970647,video_upload,weapon dataset - v4 2024-10-02 7-18am,0.6045292019844055,
2025-07-30T11:10:21.960057,video_upload,weapon dataset - v4 2024-10-02 7-18am,0.5805239677429199,
2025-07-30T11:10:25.613061,video_upload,weapon dataset - v4 2024-10-02 7-18am,0.6125624775886536,
2025-07-30T11:10:25.824187,video_upload,weapon dataset - v4 2024-10-02 7-18am,0.6663763523101807,
2025-07-30T11:10:28.838143,video_upload,weapon dataset - v4 2024-10-02 7-18am,0.5207166075706482,
2025-07-30T11:10:29.408430,video_upload,weapon dataset - v4 2024-10-02 7-18am,0.6176987290382385,
2025-07-30T11:10:29.666458,video_upload,weapon dataset - v4 2024-10-02 7-18am,0.6290627121925354,
2025-07-30T11:10:32.387055,video_upload,weapon dataset - v4 2024-10-02 7-18am,0.7566628456115723,
2025-07-30T11:10:32.622030,video_upload,weapon dataset - v4 2024-10-02 7-18am,0.6469771862030029,
2025-07-30T11:10:32.629938,video_upload,weapon dataset - v4 2024-10-02 7-18am,0.6171615719795227,
2025-07-30T11:10:32.859250,video_upload,weapon dataset - v4 2024-10-02 7-18am,0.5003273487091064,
2025-07-30T11:10:33.090750,video_upload,weapon dataset - v4 2024-10-02 7-18am,0.5144152045249939,
2025-07-30T11:10:33.333121,video_upload,weapon dataset - v4 2024-10-02 7-18am,0.6848043203353882,
2025-07-30T11:10:33.652474,video_upload,weapon dataset - v4 2024-10-02 7-18am,0.7555409669876099,
2025-07-30T11:10:33.876325,video_upload,weapon dataset - v4 2024-10-02 7-18am,0.6427146196365356,
2025-07-30T11:10:34.153994,video_upload,weapon dataset - v4 2024-10-02 7-18am,0.601729691028595,
2025-07-30T11:10:35.676367,video_upload,weapon dataset - v4 2024-10-02 7-18am,0.6050237417221069,
2025-07-30T11:10:35.903298,video_upload,weapon dataset - v4 2024-10-02 7-18am,0.5285361409187317,
2025-07-30T11:10:38.949307,video_upload,weapon dataset - v4 2024-10-02 7-18am,0.718215823173523,
2025-07-30T11:10:39.200844,video_upload,weapon dataset - v4 2024-10-02 7-18am,0.749773383140564,
2025-07-30T11:10:39.851516,video_upload,weapon dataset - v4 2024-10-02 7-18am,0.541491687297821,
2025-07-30T11:10:40.118833,video_upload,weapon dataset - v4 2024-10-02 7-18am,0.5272858738899231,
2025-07-30T11:10:49.808514,video_upload,weapon dataset - v4 2024-10-02 7-18am,0.6327906250953674,
2025-07-30T11:10:50.056487,video_upload,weapon dataset - v4 2024-10-02 7-18am,0.6330316662788391,
2025-07-30T11:10:50.291279,video_upload,weapon dataset - v4 2024-10-02 7-18am,0.53816819190979,
2025-07-30T11:10:50.480284,video_upload,weapon dataset - v4 2024-10-02 7-18am,0.6237095594406128,
2025-07-30T11:10:50.669353,video_upload,weapon dataset - v4 2024-10-02 7-18am,0.6187757253646851,
2025-07-30T11:10:57.089991,video_upload,weapon dataset - v4 2024-10-02 7-18am,0.601989209651947,
2025-07-30T11:10:57.330897,video_upload,weapon dataset - v4 2024-10-02 7-18am,0.6015395522117615,
2025-07-30T11:10:57.559513,video_upload,weapon dataset - v4 2024-10-02 7-18am,0.6836302280426025,
2025-07-30T11:10:57.840721,video_upload,weapon dataset - v4 2024-10-02 7-18am,0.5364521145820618,
2025-07-30T11:10:59.218311,video_upload,weapon dataset - v4 2024-10-02 7-18am,0.522530198097229,
2025-07-30T11:11:01.378778,video_upload,weapon dataset - v4 2024-10-02 7-18am,0.6093793511390686,
2025-07-30T11:11:01.620889,video_upload,weapon dataset - v4 2024-10-02 7-18am,0.75287264585495,
2025-07-30T11:11:04.880461,video_upload,weapon dataset - v4 2024-10-02 7-18am,0.5373303294181824,
2025-07-30T11:11:05.811412,video_upload,weapon dataset - v4 2024-10-02 7-18am,0.6684329509735107,
2025-07-30T11:11:06.149849,video_upload,weapon dataset - v4 2024-10-02 7-18am,0.6672527194023132,
2025-07-30T11:11:06.434361,video_upload,weapon dataset - v4 2024-10-02 7-18am,0.5386198163032532,
2025-07-30T11:11:10.430515,video_upload,weapon dataset - v4 2024-10-02 7-18am,0.5046549439430237,
2025-07-30T11:11:11.648507,video_upload,weapon dataset - v4 2024-10-02 7-18am,0.5934430360794067,
2025-07-30T11:11:15.581697,video_upload,weapon dataset - v4 2024-10-02 7-18am,0.5815202593803406,
2025-07-30T11:11:17.569093,video_upload,weapon dataset - v4 2024-10-02 7-18am,0.5969231724739075,
2025-07-30T11:11:17.577481,video_upload,weapon dataset - v4 2024-10-02 7-18am,0.5317909121513367,
2025-07-30T11:11:21.138932,video_upload,weapon dataset - v4 2024-10-02 7-18am,0.5920649170875549,
2025-07-30T11:11:22.109142,video_upload,weapon dataset - v4 2024-10-02 7-18am,0.6138870120048523,
2025-07-30T11:11:22.403873,video_upload,weapon dataset - v4 2024-10-02 7-18am,0.5790609121322632,
2025-07-30T11:11:23.012778,video_upload,weapon dataset - v4 2024-10-02 7-18am,0.6176283359527588,
2025-07-30T11:11:23.241038,video_upload,weapon dataset - v4 2024-10-02 7-18am,0.6043989658355713,
2025-07-30T11:11:23.586234,video_upload,weapon dataset - v4 2024-10-02 7-18am,0.7390913367271423,
2025-07-30T11:11:23.935823,video_upload,weapon dataset - v4 2024-10-02 7-18am,0.5368889570236206,
2025-07-30T11:11:24.336955,video_upload,weapon dataset - v4 2024-10-02 7-18am,0.7790741920471191,
2025-07-30T11:11:24.345902,video_upload,weapon dataset - v4 2024-10-02 7-18am,0.5354052186012268,
2025-07-30T11:11:24.612288,video_upload,weapon dataset - v4 2024-10-02 7-18am,0.5623700618743896,
2025-07-30T11:11:24.939033,video_upload,weapon dataset - v4 2024-10-02 7-18am,0.5486676096916199,
2025-07-30T11:11:25.529346,video_upload,weapon dataset - v4 2024-10-02 7-18am,0.5418945550918579,
2025-07-30T11:11:26.068750,video_upload,weapon dataset - v4 2024-10-02 7-18am,0.5531162619590759,
2025-07-30T11:11:26.376161,video_upload,weapon dataset - v4 2024-10-02 7-18am,0.5427505970001221,
2025-07-30T11:11:27.043050,video_upload,weapon dataset - v4 2024-10-02 7-18am,0.5006109476089478,
2025-07-30T11:11:28.835153,video_upload,weapon dataset - v4 2024-10-02 7-18am,0.5078685879707336,
2025-07-30T11:11:33.584243,video_upload,weapon dataset - v4 2024-10-02 7-18am,0.5977509021759033,
2025-07-30T11:11:33.867457,video_upload,weapon dataset - v4 2024-10-02 7-18am,0.5962383151054382,
2025-07-30T11:11:34.189811,video_upload,weapon dataset - v4 2024-10-02 7-18am,0.7187595367431641,
2025-07-30T11:11:34.203223,video_upload,weapon dataset - v4 2024-10-02 7-18am,0.5933578014373779,
2025-07-30T11:11:34.461715,video_upload,weapon dataset - v4 2024-10-02 7-18am,0.7363909482955933,
2025-07-30T11:11:34.671926,video_upload,weapon dataset - v4 2024-10-02 7-18am,0.655251145362854,
2025-07-30T11:11:34.886171,video_upload,weapon dataset - v4 2024-10-02 7-18am,0.5064207315444946,
2025-07-30T11:11:35.077068,video_upload,weapon dataset - v4 2024-10-02 7-18am,0.5086576342582703,
2025-07-30T11:11:35.395365,video_upload,weapon dataset - v4 2024-10-02 7-18am,0.7481751441955566,
2025-07-30T11:11:35.677072,video_upload,weapon dataset - v4 2024-10-02 7-18am,0.6860313415527344,
2025-07-30T11:11:35.954053,video_upload,weapon dataset - v4 2024-10-02 7-18am,0.7444109320640564,
2025-07-30T11:11:36.258476,video_upload,weapon dataset - v4 2024-10-02 7-18am,0.7713862657546997,
2025-07-30T11:11:36.561399,video_upload,weapon dataset - v4 2024-10-02 7-18am,0.7711181044578552,
2025-07-30T11:11:37.339224,video_upload,weapon dataset - v4 2024-10-02 7-18am,0.6984538435935974,
2025-07-30T11:11:37.350222,video_upload,weapon dataset - v4 2024-10-02 7-18am,0.673169732093811,
2025-07-30T11:11:37.634184,video_upload,weapon dataset - v4 2024-10-02 7-18am,0.7356849312782288,
2025-07-30T11:11:37.894655,video_upload,weapon dataset - v4 2024-10-02 7-18am,0.7422815561294556,
2025-07-30T11:11:38.131879,video_upload,weapon dataset - v4 2024-10-02 7-18am,0.6727233529090881,
2025-07-30T11:11:38.360881,video_upload,weapon dataset - v4 2024-10-02 7-18am,0.5951501131057739,
2025-07-30T11:11:38.793893,video_upload,weapon dataset - v4 2024-10-02 7-18am,0.6542448997497559,
2025-07-30T11:11:39.130569,video_upload,weapon dataset - v4 2024-10-02 7-18am,0.6662021279335022,
2025-07-30T11:11:39.416617,video_upload,weapon dataset - v4 2024-10-02 7-18am,0.6659685373306274,
2025-07-30T11:11:39.701965,video_upload,weapon dataset - v4 2024-10-02 7-18am,0.6983980536460876,
2025-07-30T11:11:40.018932,video_upload,weapon dataset - v4 2024-10-02 7-18am,0.6981140971183777,
2025-07-30T11:11:40.250444,video_upload,weapon dataset - v4 2024-10-02 7-18am,0.7167659401893616,
2025-07-30T11:11:40.582239,video_upload,weapon dataset - v4 2024-10-02 7-18am,0.6914489269256592,
2025-07-30T11:11:40.810820,video_upload,weapon dataset - v4 2024-10-02 7-18am,0.6838533282279968,
2025-07-30T11:11:41.159629,video_upload,weapon dataset - v4 2024-10-02 7-18am,0.680229663848877,
2025-07-30T11:11:41.433187,video_upload,weapon dataset - v4 2024-10-02 7-18am,0.641692042350769,
2025-07-30T11:11:45.610021,video_upload,weapon dataset - v4 2024-10-02 7-18am,0.5544642806053162,
2025-07-30T11:11:45.998784,video_upload,weapon dataset - v4 2024-10-02 7-18am,0.6675409078598022,
2025-07-30T11:11:46.289549,video_upload,weapon dataset - v4 2024-10-02 7-18am,0.6676114797592163,
2025-07-30T11:11:46.569661,video_upload,weapon dataset - v4 2024-10-02 7-18am,0.7741556167602539,
2025-07-30T11:11:46.862199,video_upload,weapon dataset - v4 2024-10-02 7-18am,0.5879085063934326,
2025-07-30T11:11:47.109407,video_upload,weapon dataset - v4 2024-10-02 7-18am,0.7353243231773376,
2025-07-30T11:11:47.451293,video_upload,weapon dataset - v4 2024-10-02 7-18am,0.6251356601715088,
2025-07-30T11:11:47.773500,video_upload,weapon dataset - v4 2024-10-02 7-18am,0.626008152961731,
2025-07-30T11:11:48.426085,video_upload,weapon dataset - v4 2024-10-02 7-18am,0.5097842812538147,
2025-07-30T11:11:51.077332,video_upload,weapon dataset - v4 2024-10-02 7-18am,0.6088940501213074,
2025-07-30T11:11:54.454183,video_upload,weapon dataset - v4 2024-10-02 7-18am,0.6198397278785706,
2025-07-30T11:11:55.051071,video_upload,weapon dataset - v4 2024-10-02 7-18am,0.5093628168106079,
2025-07-30T11:11:55.365485,video_upload,weapon dataset - v4 2024-10-02 7-18am,0.5136348009109497,
2025-07-30T11:12:09.148175,video_upload,weapon dataset - v4 2024-10-02 7-18am,0.7854765057563782,
2025-07-30T11:12:09.601291,video_upload,weapon dataset - v4 2024-10-02 7-18am,0.7478357553482056,
2025-07-30T11:12:10.046814,video_upload,weapon dataset - v4 2024-10-02 7-18am,0.6327604055404663,
2025-07-30T11:12:10.060926,video_upload,weapon dataset - v4 2024-10-02 7-18am,0.6269902586936951,
2025-07-30T11:12:11.087990,video_upload,weapon dataset - v4 2024-10-02 7-18am,0.6475502848625183,
2025-07-30T11:12:11.597354,video_upload,weapon dataset - v4 2024-10-02 7-18am,0.6431748867034912,
2025-07-30T11:12:12.185022,video_upload,weapon dataset - v4 2024-10-02 7-18am,0.6672723889350891,
2025-07-30T11:12:12.199620,video_upload,weapon dataset - v4 2024-10-02 7-18am,0.5491734743118286,
2025-07-30T11:12:12.524608,video_upload,weapon dataset - v4 2024-10-02 7-18am,0.5963041186332703,
2025-07-30T11:12:13.574373,video_upload,weapon dataset - v4 2024-10-02 7-18am,0.7478070259094238,
2025-07-30T11:12:15.182220,video_upload,weapon dataset - v4 2024-10-02 7-18am,0.6501538753509521,
2025-07-30T11:12:15.543929,video_upload,weapon dataset - v4 2024-10-02 7-18am,0.6635459661483765,
2025-07-30T11:12:16.124609,video_upload,weapon dataset - v4 2024-10-02 7-18am,0.6630843281745911,
2025-07-30T11:12:16.375937,video_upload,weapon dataset - v4 2024-10-02 7-18am,0.6640319228172302,
2025-07-30T11:12:16.715741,video_upload,weapon dataset - v4 2024-10-02 7-18am,0.653992235660553,
2025-07-30T11:12:16.952504,video_upload,weapon dataset - v4 2024-10-02 7-18am,0.5507134795188904,
2025-07-30T11:12:18.614960,video_upload,weapon dataset - v4 2024-10-02 7-18am,0.500146746635437,
2025-07-30T11:12:23.637023,video_upload,weapon dataset - v4 2024-10-02 7-18am,0.6549240946769714,
2025-07-30T11:12:23.879451,video_upload,weapon dataset - v4 2024-10-02 7-18am,0.6490049958229065,
2025-07-30T11:12:24.661410,video_upload,weapon dataset - v4 2024-10-02 7-18am,0.661749005317688,
2025-07-30T11:12:24.999454,video_upload,weapon dataset - v4 2024-10-02 7-18am,0.6475415229797363,
2025-07-30T11:12:25.190094,video_upload,weapon dataset - v4 2024-10-02 7-18am,0.6455173492431641,
2025-07-30T11:12:25.413506,video_upload,weapon dataset - v4 2024-10-02 7-18am,0.79100501537323,
2025-07-30T11:12:26.278503,video_upload,weapon dataset - v4 2024-10-02 7-18am,0.5411344766616821,
2025-07-30T11:12:26.555855,video_upload,weapon dataset - v4 2024-10-02 7-18am,0.5380150079727173,
2025-07-30T11:12:26.832356,video_upload,weapon dataset - v4 2024-10-02 7-18am,0.5990082025527954,
2025-07-30T11:12:27.086561,video_upload,weapon dataset - v4 2024-10-02 7-18am,0.6109057068824768,
2025-07-30T11:12:28.162457,video_upload,weapon dataset - v4 2024-10-02 7-18am,0.5480355620384216,
2025-07-30T11:12:28.430492,video_upload,weapon dataset - v4 2024-10-02 7-18am,0.6113932132720947,
2025-07-30T11:12:28.742015,video_upload,weapon dataset - v4 2024-10-02 7-18am,0.5501890182495117,
2025-07-30T11:12:28.750553,video_upload,weapon dataset - v4 2024-10-02 7-18am,0.5386123061180115,
2025-07-30T11:12:29.027146,video_upload,weapon dataset - v4 2024-10-02 7-18am,0.5497987866401672,
2025-07-30T11:12:29.381044,video_upload,weapon dataset - v4 2024-10-02 7-18am,0.5525727272033691,
2025-07-30T11:12:29.645351,video_upload,weapon dataset - v4 2024-10-02 7-18am,0.6772562265396118,
2025-07-30T11:12:29.653718,video_upload,weapon dataset - v4 2024-10-02 7-18am,0.6003420948982239,
2025-07-30T11:12:30.555848,video_upload,weapon dataset - v4 2024-10-02 7-18am,0.5248018503189087,
2025-07-30T11:12:30.805430,video_upload,weapon dataset - v4 2024-10-02 7-18am,0.5243403911590576,
2025-07-30T11:12:31.596819,video_upload,weapon dataset - v4 2024-10-02 7-18am,0.5726662874221802,
2025-07-30T11:12:31.930933,video_upload,weapon dataset - v4 2024-10-02 7-18am,0.6174895763397217,
2025-07-30T11:12:32.199909,video_upload,weapon dataset - v4 2024-10-02 7-18am,0.6208986043930054,
2025-07-30T11:12:33.459560,video_upload,weapon dataset - v4 2024-10-02 7-18am,0.7365942001342773,
2025-07-30T11:12:33.744478,video_upload,weapon dataset - v4 2024-10-02 7-18am,0.7372072339057922,
2025-07-30T11:12:34.011347,video_upload,weapon dataset - v4 2024-10-02 7-18am,0.6846967935562134,
2025-07-30T11:12:34.329333,video_upload,weapon dataset - v4 2024-10-02 7-18am,0.6733965873718262,
2025-07-30T11:12:34.879859,video_upload,weapon dataset - v4 2024-10-02 7-18am,0.7927103042602539,
2025-07-30T11:12:35.714500,video_upload,weapon dataset - v4 2024-10-02 7-18am,0.7918453216552734,
2025-07-30T11:12:39.521869,video_upload,weapon dataset - v4 2024-10-02 7-18am,0.5370706915855408,
2025-07-30T11:12:39.775951,video_upload,weapon dataset - v4 2024-10-02 7-18am,0.5421831607818604,
2025-07-30T11:12:40.261767,video_upload,weapon dataset - v4 2024-10-02 7-18am,0.5053722858428955,
2025-07-30T11:12:41.607764,video_upload,weapon dataset - v4 2024-10-02 7-18am,0.670671284198761,
2025-07-30T11:12:42.239083,video_upload,weapon dataset - v4 2024-10-02 7-18am,0.6019700765609741,
2025-07-30T11:12:43.103465,video_upload,weapon dataset - v4 2024-10-02 7-18am,0.5854630470275879,
2025-07-30T11:12:43.744445,video_upload,weapon dataset - v4 2024-10-02 7-18am,0.6501508951187134,
2025-07-30T11:12:46.144230,video_upload,weapon dataset - v4 2024-10-02 7-18am,0.5206509828567505,
2025-07-30T11:12:48.735386,video_upload,weapon dataset - v4 2024-10-02 7-18am,0.5005624890327454,
2025-07-30T11:12:52.100893,video_upload,weapon dataset - v4 2024-10-02 7-18am,0.6558657288551331,
2025-07-30T11:12:56.672259,video_upload,weapon dataset - v4 2024-10-02 7-18am,0.548517107963562,
2025-07-30T11:13:00.691665,video_upload,weapon dataset - v4 2024-10-02 7-18am,0.5924900770187378,
2025-07-30T11:13:01.472882,video_upload,weapon dataset - v4 2024-10-02 7-18am,0.5910267233848572,
2025-07-30T11:13:02.046364,video_upload,weapon dataset - v4 2024-10-02 7-18am,0.5912079215049744,
2025-07-30T11:13:10.016182,video_upload,weapon dataset - v4 2024-10-02 7-18am,0.512065052986145,
2025-07-30T11:13:11.927161,video_upload,weapon dataset - v4 2024-10-02 7-18am,0.5630978941917419,
2025-07-30T11:13:11.937196,video_upload,weapon dataset - v4 2024-10-02 7-18am,0.542090654373169,
2025-07-30T11:13:12.203710,video_upload,weapon dataset - v4 2024-10-02 7-18am,0.789167046546936,
2025-07-30T11:13:12.663422,video_upload,weapon dataset - v4 2024-10-02 7-18am,0.7247903347015381,
2025-07-30T11:13:12.673850,video_upload,weapon dataset - v4 2024-10-02 7-18am,0.6398903131484985,
2025-07-30T11:13:13.193459,video_upload,weapon dataset - v4 2024-10-02 7-18am,0.7274826169013977,
2025-07-30T11:13:13.408370,video_upload,weapon dataset - v4 2024-10-02 7-18am,0.638953447341919,
2025-07-30T11:13:14.520310,video_upload,weapon dataset - v4 2024-10-02 7-18am,0.5248905420303345,
2025-07-30T11:13:14.763759,video_upload,weapon dataset - v4 2024-10-02 7-18am,0.5295758247375488,
2025-07-30T11:13:16.639655,video_upload,weapon dataset - v4 2024-10-02 7-18am,0.5442060232162476,
2025-07-30T11:13:19.809300,video_upload,weapon dataset - v4 2024-10-02 7-18am,0.6285268068313599,
2025-07-30T11:13:20.278932,video_upload,weapon dataset - v4 2024-10-02 7-18am,0.5112544894218445,
2025-07-30T11:13:21.013572,video_upload,weapon dataset - v4 2024-10-02 7-18am,0.5784682035446167,
2025-07-30T11:13:21.256889,video_upload,weapon dataset - v4 2024-10-02 7-18am,0.685872495174408,
2025-07-30T11:13:21.583742,video_upload,weapon dataset - v4 2024-10-02 7-18am,0.6765289902687073,
2025-07-30T11:13:21.827136,video_upload,weapon dataset - v4 2024-10-02 7-18am,0.677593469619751,
2025-07-30T11:13:22.122132,video_upload,weapon dataset - v4 2024-10-02 7-18am,0.7018337249755859,
2025-07-30T11:13:22.362297,video_upload,weapon dataset - v4 2024-10-02 7-18am,0.6378624439239502,
2025-07-30T11:13:22.682655,video_upload,weapon dataset - v4 2024-10-02 7-18am,0.5950278043746948,
2025-07-30T11:13:22.773072,video_upload,weapon dataset - v4 2024-10-02 7-18am,0.5578212738037109,
2025-07-30T11:13:23.090177,video_upload,weapon dataset - v4 2024-10-02 7-18am,0.604820966720581,
2025-07-30T11:13:23.098897,video_upload,weapon dataset - v4 2024-10-02 7-18am,0.5840123891830444,
2025-07-30T11:13:24.393015,video_upload,weapon dataset - v4 2024-10-02 7-18am,0.6710373759269714,
2025-07-30T11:13:24.685321,video_upload,weapon dataset - v4 2024-10-02 7-18am,0.7347716093063354,
2025-07-30T11:13:24.770064,video_upload,weapon dataset - v4 2024-10-02 7-18am,0.5337924361228943,
2025-07-30T11:13:25.049247,video_upload,weapon dataset - v4 2024-10-02 7-18am,0.6823210120201111,
2025-07-30T11:13:25.319683,video_upload,weapon dataset - v4 2024-10-02 7-18am,0.6666466593742371,
2025-07-30T11:13:25.677530,video_upload,weapon dataset - v4 2024-10-02 7-18am,0.6802599430084229,
2025-07-30T11:13:26.739951,video_upload,weapon dataset - v4 2024-10-02 7-18am,0.5276238918304443,
2025-07-30T11:13:27.200216,video_upload,weapon dataset - v4 2024-10-02 7-18am,0.5100204348564148,
2025-07-30T11:13:27.574415,video_upload,weapon dataset - v4 2024-10-02 7-18am,0.5105286240577698,
2025-07-30T11:13:27.814697,video_upload,weapon dataset - v4 2024-10-02 7-18am,0.5808462500572205,
2025-07-30T11:13:29.730561,video_upload,weapon dataset - v4 2024-10-02 7-18am,0.5531450510025024,
2025-07-30T11:13:29.917146,video_upload,weapon dataset - v4 2024-10-02 7-18am,0.6885247230529785,
2025-07-30T11:13:29.927478,video_upload,weapon dataset - v4 2024-10-02 7-18am,0.5833907127380371,
2025-07-30T11:13:30.110635,video_upload,weapon dataset - v4 2024-10-02 7-18am,0.6920439600944519,
2025-07-30T11:13:30.120060,video_upload,weapon dataset - v4 2024-10-02 7-18am,0.5927160978317261,
2025-07-30T11:13:30.344372,video_upload,weapon dataset - v4 2024-10-02 7-18am,0.6642754077911377,
2025-07-30T11:13:30.828298,video_upload,weapon dataset - v4 2024-10-02 7-18am,0.6557570695877075,
2025-07-30T11:13:31.186875,video_upload,weapon dataset - v4 2024-10-02 7-18am,0.5876712203025818,
2025-07-30T11:13:33.273930,video_upload,weapon dataset - v4 2024-10-02 7-18am,0.6367543339729309,
2025-07-30T11:13:33.661739,video_upload,weapon dataset - v4 2024-10-02 7-18am,0.7488566040992737,
2025-07-30T11:13:33.828328,video_upload,weapon dataset - v4 2024-10-02 7-18am,0.7523778080940247,
2025-07-30T11:13:34.181852,video_upload,weapon dataset - v4 2024-10-02 7-18am,0.6921672821044922,
2025-07-30T11:13:34.357616,video_upload,weapon dataset - v4 2024-10-02 7-18am,0.6307696104049683,
2025-07-30T11:13:35.120761,video_upload,weapon dataset - v4 2024-10-02 7-18am,0.6671663522720337,
2025-07-30T11:13:35.441408,video_upload,weapon dataset - v4 2024-10-02 7-18am,0.753351628780365,
2025-07-30T11:13:38.202918,video_upload,weapon dataset - v4 2024-10-02 7-18am,0.710788905620575,
2025-07-30T11:13:38.214189,video_upload,weapon dataset - v4 2024-10-02 7-18am,0.6832638382911682,
2025-07-30T11:13:40.553239,video_upload,weapon dataset - v4 2024-10-02 7-18am,0.7749456167221069,
2025-07-30T11:13:40.563169,video_upload,weapon dataset - v4 2024-10-02 7-18am,0.5762351155281067,
2025-07-30T11:13:40.850697,video_upload,weapon dataset - v4 2024-10-02 7-18am,0.7736074924468994,
2025-07-30T11:13:40.862827,video_upload,weapon dataset - v4 2024-10-02 7-18am,0.5704482793807983,
2025-07-30T11:13:41.211561,video_upload,weapon dataset - v4 2024-10-02 7-18am,0.6068049073219299,
2025-07-30T11:13:41.451475,video_upload,weapon dataset - v4 2024-10-02 7-18am,0.5487436652183533,
2025-07-30T11:13:42.050885,video_upload,weapon dataset - v4 2024-10-02 7-18am,0.5240059494972229,
2025-07-30T11:13:43.794832,video_upload,weapon dataset - v4 2024-10-02 7-18am,0.6532278060913086,
2025-07-30T11:13:44.094234,video_upload,weapon dataset - v4 2024-10-02 7-18am,0.5205691456794739,
2025-07-30T11:13:44.596164,video_upload,weapon dataset - v4 2024-10-02 7-18am,0.5166900157928467,
2025-07-30T11:13:53.701968,video_upload,weapon dataset - v4 2024-10-02 7-18am,0.5072177052497864,
2025-07-30T11:13:54.230246,video_upload,weapon dataset - v4 2024-10-02 7-18am,0.5996043682098389,
2025-07-30T11:13:54.493838,video_upload,weapon dataset - v4 2024-10-02 7-18am,0.6029978394508362,
2025-07-30T11:13:54.734377,video_upload,weapon dataset - v4 2024-10-02 7-18am,0.6549971103668213,
2025-07-30T11:13:55.083949,video_upload,weapon dataset - v4 2024-10-02 7-18am,0.6986350417137146,
2025-07-30T11:13:55.408873,video_upload,weapon dataset - v4 2024-10-02 7-18am,0.7457370758056641,
2025-07-30T11:13:55.808922,video_upload,weapon dataset - v4 2024-10-02 7-18am,0.6495612263679504,
2025-07-30T11:13:56.173307,video_upload,weapon dataset - v4 2024-10-02 7-18am,0.6543801426887512,
2025-07-30T11:14:00.193795,video_upload,weapon dataset - v4 2024-10-02 7-18am,0.6261703372001648,
2025-07-30T11:14:00.437688,video_upload,weapon dataset - v4 2024-10-02 7-18am,0.6058443188667297,
2025-07-30T11:14:00.649602,video_upload,weapon dataset - v4 2024-10-02 7-18am,0.6042688488960266,
2025-07-30T11:14:00.875020,video_upload,weapon dataset - v4 2024-10-02 7-18am,0.6009475588798523,
2025-07-30T11:14:01.564498,video_upload,weapon dataset - v4 2024-10-02 7-18am,0.6085018515586853,
2025-07-30T11:14:03.039058,video_upload,weapon dataset - v4 2024-10-02 7-18am,0.5403455495834351,
2025-07-30T11:14:04.982851,video_upload,weapon dataset - v4 2024-10-02 7-18am,0.5197699666023254,
2025-07-30T11:14:05.381362,video_upload,weapon dataset - v4 2024-10-02 7-18am,0.5164639353752136,
2025-07-30T11:14:08.654812,video_upload,weapon dataset - v4 2024-10-02 7-18am,0.5696833729743958,
2025-07-30T11:14:09.353275,video_upload,weapon dataset - v4 2024-10-02 7-18am,0.6797197461128235,
2025-07-30T11:14:09.616323,video_upload,weapon dataset - v4 2024-10-02 7-18am,0.7119659781455994,
2025-07-30T11:14:09.974021,video_upload,weapon dataset - v4 2024-10-02 7-18am,0.7170441746711731,
2025-07-30T11:14:10.239611,video_upload,weapon dataset - v4 2024-10-02 7-18am,0.6366140246391296,
2025-07-30T11:14:11.847086,video_upload,weapon dataset - v4 2024-10-02 7-18am,0.718683123588562,
2025-07-30T11:14:13.739940,video_upload,weapon dataset - v4 2024-10-02 7-18am,0.5374650359153748,
2025-07-30T11:14:13.972339,video_upload,weapon dataset - v4 2024-10-02 7-18am,0.5408031940460205,
2025-07-30T11:14:14.217707,video_upload,weapon dataset - v4 2024-10-02 7-18am,0.5858398675918579,
2025-07-30T11:14:14.458621,video_upload,weapon dataset - v4 2024-10-02 7-18am,0.6769666075706482,
2025-07-30T11:14:15.652790,video_upload,weapon dataset - v4 2024-10-02 7-18am,0.5747788548469543,
2025-07-30T11:14:18.086507,video_upload,weapon dataset - v4 2024-10-02 7-18am,0.609062135219574,
2025-07-30T11:14:19.600129,video_upload,weapon dataset - v4 2024-10-02 7-18am,0.7516129612922668,
2025-07-30T11:14:20.875673,video_upload,weapon dataset - v4 2024-10-02 7-18am,0.7098259329795837,
2025-07-30T11:14:21.574321,video_upload,weapon dataset - v4 2024-10-02 7-18am,0.6152083277702332,
2025-07-30T11:14:21.583513,video_upload,weapon dataset - v4 2024-10-02 7-18am,0.5810814499855042,
2025-07-30T11:14:21.872640,video_upload,weapon dataset - v4 2024-10-02 7-18am,0.6922223567962646,
2025-07-30T11:14:21.886291,video_upload,weapon dataset - v4 2024-10-02 7-18am,0.542452871799469,
2025-07-30T11:14:22.201880,video_upload,weapon dataset - v4 2024-10-02 7-18am,0.6958766579627991,
2025-07-30T11:14:22.215091,video_upload,weapon dataset - v4 2024-10-02 7-18am,0.5494322180747986,
2025-07-30T11:14:22.446440,video_upload,weapon dataset - v4 2024-10-02 7-18am,0.528048038482666,
2025-07-30T11:14:34.339516,video_upload,weapon dataset - v4 2024-10-02 7-18am,0.5643656849861145,
2025-07-30T11:14:34.611779,video_upload,weapon dataset - v4 2024-10-02 7-18am,0.633766770362854,
2025-07-30T11:14:34.858270,video_upload,weapon dataset - v4 2024-10-02 7-18am,0.5289129018783569,
2025-07-30T11:14:35.192584,video_upload,weapon dataset - v4 2024-10-02 7-18am,0.5220546722412109,
2025-07-30T11:14:37.211337,video_upload,weapon dataset - v4 2024-10-02 7-18am,0.5699499845504761,
2025-07-30T11:14:42.232146,video_upload,weapon dataset - v4 2024-10-02 7-18am,0.71672523021698,
2025-07-30T11:14:42.503185,video_upload,weapon dataset - v4 2024-10-02 7-18am,0.7155007123947144,
2025-07-30T11:14:43.177556,video_upload,weapon dataset - v4 2024-10-02 7-18am,0.5683546662330627,
2025-07-30T11:14:45.505108,video_upload,weapon dataset - v4 2024-10-02 7-18am,0.7199011445045471,
2025-07-30T11:14:45.514120,video_upload,weapon dataset - v4 2024-10-02 7-18am,0.5440977215766907,
2025-07-30T11:14:45.871800,video_upload,weapon dataset - v4 2024-10-02 7-18am,0.7137268781661987,
2025-07-30T11:14:45.880920,video_upload,weapon dataset - v4 2024-10-02 7-18am,0.5463086366653442,
2025-07-30T11:14:46.098043,video_upload,weapon dataset - v4 2024-10-02 7-18am,0.5249372124671936,
2025-07-30T11:14:46.561657,video_upload,weapon dataset - v4 2024-10-02 7-18am,0.5906030535697937,
